{
  "modules" : [
    {
      "name" : "sap/m/ActionListItem.js",
      "description" : "Provides control sap.m.ActionListItem.",
      "size" : 4011,
      "compressedSize" : 665,
      "required" : ["sap/m/library.js", "sap/m/ListItemBase.js", "sap/ui/core/EnabledPropagator.js", "jquery.sap.global.js"],
      "includes" : []
    },
    {
      "name" : "sap/m/ActionListItemRenderer.js",
      "description" : "! SAP UI development toolkit for HTML5 (SAPUI5/OpenUI5) (c) Copyright 2009-2014 SAP AG or an SAP affiliate company.  Licensed under the Apache License, Version 2.0 - see LICENSE.txt.",
      "size" : 1210,
      "compressedSize" : 676,
      "required" : ["sap/ui/core/Renderer.js", "sap/m/ListItemBaseRenderer.js", "jquery.sap.global.js"],
      "includes" : []
    },
    {
      "name" : "sap/m/ActionSelect.js",
      "description" : "Provides control sap.m.ActionSelect.",
      "size" : 7163,
      "compressedSize" : 1346,
      "required" : ["sap/m/library.js", "sap/m/Select.js", "jquery.sap.global.js"],
      "includes" : []
    },
    {
      "name" : "sap/m/ActionSelectRenderer.js",
      "size" : 1060,
      "compressedSize" : 576,
      "required" : ["sap/m/SelectRenderer.js", "sap/ui/core/Renderer.js", "jquery.sap.global.js"],
      "includes" : []
    },
    {
      "name" : "sap/m/ActionSheet.js",
      "description" : "Provides control sap.m.ActionSheet.",
      "size" : 40779,
      "compressedSize" : 10333,
      "required" : ["sap/m/library.js", "sap/ui/core/Control.js", "sap/m/Dialog.js", "sap/m/Popover.js", "sap/ui/core/delegate/ItemNavigation.js", "jquery.sap.global.js"],
      "includes" : []
    },
    {
      "name" : "sap/m/ActionSheetRenderer.js",
      "description" : "! SAP UI development toolkit for HTML5 (SAPUI5/OpenUI5) (c) Copyright 2009-2014 SAP AG or an SAP affiliate company.  Licensed under the Apache License, Version 2.0 - see LICENSE.txt.",
      "size" : 1671,
      "compressedSize" : 881,
      "required" : ["jquery.sap.global.js"],
      "includes" : []
    },
    {
      "name" : "sap/m/App.js",
      "description" : "Provides control sap.m.App.",
      "size" : 15454,
      "compressedSize" : 2518,
      "required" : ["sap/m/library.js", "sap/m/NavContainer.js", "jquery.sap.global.js"],
      "includes" : []
    },
    {
      "name" : "sap/m/AppRenderer.js",
      "description" : "! SAP UI development toolkit for HTML5 (SAPUI5/OpenUI5) (c) Copyright 2009-2014 SAP AG or an SAP affiliate company.  Licensed under the Apache License, Version 2.0 - see LICENSE.txt.",
      "size" : 932,
      "compressedSize" : 771,
      "required" : ["sap/ui/core/Renderer.js", "sap/m/NavContainerRenderer.js", "jquery.sap.global.js"],
      "includes" : []
    },
    {
      "name" : "sap/m/Bar.js",
      "description" : "Provides control sap.m.Bar.",
      "size" : 23472,
      "compressedSize" : 4508,
      "required" : ["sap/m/library.js", "sap/ui/core/Control.js", "jquery.sap.global.js"],
      "includes" : []
    },
    {
      "name" : "sap/m/BarRenderer.js",
      "description" : "! SAP UI development toolkit for HTML5 (SAPUI5/OpenUI5) (c) Copyright 2009-2014 SAP AG or an SAP affiliate company.  Licensed under the Apache License, Version 2.0 - see LICENSE.txt.",
      "size" : 3442,
      "compressedSize" : 1847,
      "required" : ["jquery.sap.global.js"],
      "includes" : []
    },
    {
      "name" : "sap/m/BusyDialog.js",
      "description" : "Provides control sap.m.BusyDialog.",
      "size" : 24638,
      "compressedSize" : 8641,
      "required" : ["sap/m/library.js", "sap/ui/core/Control.js", "sap/ui/core/Popup.js", "sap/ui/core/theming/Parameters.js", "jquery.sap.global.js"],
      "includes" : []
    },
    {
      "name" : "sap/m/BusyDialogRenderer.js",
      "description" : "! SAP UI development toolkit for HTML5 (SAPUI5/OpenUI5) (c) Copyright 2009-2014 SAP AG or an SAP affiliate company.  Licensed under the Apache License, Version 2.0 - see LICENSE.txt.",
      "size" : 1860,
      "compressedSize" : 1140,
      "required" : ["jquery.sap.global.js"],
      "includes" : []
    },
    {
      "name" : "sap/m/BusyIndicator.js",
      "description" : "Provides control sap.m.BusyIndicator.",
      "size" : 23130,
      "compressedSize" : 8062,
      "required" : ["sap/m/library.js", "sap/ui/core/Control.js", "sap/ui/core/theming/Parameters.js", "jquery.sap.global.js"],
      "includes" : []
    },
    {
      "name" : "sap/m/BusyIndicatorRenderer.js",
      "description" : "! SAP UI development toolkit for HTML5 (SAPUI5/OpenUI5) (c) Copyright 2009-2014 SAP AG or an SAP affiliate company.  Licensed under the Apache License, Version 2.0 - see LICENSE.txt.",
      "size" : 3758,
      "compressedSize" : 2298,
      "required" : ["jquery.sap.global.js"],
      "includes" : []
    },
    {
      "name" : "sap/m/Button.js",
      "description" : "Provides control sap.m.Button.",
      "size" : 20714,
      "compressedSize" : 3545,
      "required" : ["sap/m/library.js", "sap/ui/core/Control.js", "sap/ui/core/EnabledPropagator.js", "sap/ui/core/theming/Parameters.js", "sap/ui/core/IconPool.js", "jquery.sap.global.js"],
      "includes" : []
    },
    {
      "name" : "sap/m/ButtonRenderer.js",
      "description" : "! SAP UI development toolkit for HTML5 (SAPUI5/OpenUI5) (c) Copyright 2009-2014 SAP AG or an SAP affiliate company.  Licensed under the Apache License, Version 2.0 - see LICENSE.txt.",
      "size" : 7763,
      "compressedSize" : 3891,
      "required" : ["jquery.sap.global.js"],
      "includes" : []
    },
    {
      "name" : "sap/m/Carousel.js",
      "description" : "Provides control sap.m.Carousel.",
      "size" : 41369,
      "compressedSize" : 9938,
      "required" : ["sap/m/library.js", "sap/ui/core/Control.js", "sap/ui/thirdparty/mobify-carousel.js", "jquery.sap.global.js"],
      "includes" : []
    },
    {
      "name" : "sap/m/CarouselRenderer.js",
      "description" : "! SAP UI development toolkit for HTML5 (SAPUI5/OpenUI5) (c) Copyright 2009-2014 SAP AG or an SAP affiliate company.  Licensed under the Apache License, Version 2.0 - see LICENSE.txt.",
      "size" : 4435,
      "compressedSize" : 2031,
      "required" : ["jquery.sap.global.js"],
      "includes" : []
    },
    {
      "name" : "sap/m/CheckBox.js",
      "description" : "Provides control sap.m.CheckBox.",
      "size" : 15524,
      "compressedSize" : 3326,
      "required" : ["sap/m/library.js", "sap/ui/core/Control.js", "sap/ui/core/EnabledPropagator.js", "jquery.sap.global.js"],
      "includes" : []
    },
    {
      "name" : "sap/m/CheckBoxRenderer.js",
      "description" : "! SAP UI development toolkit for HTML5 (SAPUI5/OpenUI5) (c) Copyright 2009-2014 SAP AG or an SAP affiliate company.  Licensed under the Apache License, Version 2.0 - see LICENSE.txt.",
      "size" : 2464,
      "compressedSize" : 1390,
      "required" : ["sap/ui/core/ValueStateSupport.js", "jquery.sap.global.js"],
      "includes" : []
    },
    {
      "name" : "sap/m/Column.js",
      "description" : "Provides control sap.m.Column.",
      "size" : 29410,
      "compressedSize" : 7505,
      "required" : ["sap/m/library.js", "sap/ui/core/Element.js", "sap/ui/core/Renderer.js", "jquery.sap.global.js"],
      "includes" : []
    },
    {
      "name" : "sap/m/ColumnListItem.js",
      "description" : "Provides control sap.m.ColumnListItem.",
      "size" : 10678,
      "compressedSize" : 2108,
      "required" : ["sap/m/library.js", "sap/m/ListItemBase.js", "jquery.sap.global.js"],
      "includes" : []
    },
    {
      "name" : "sap/m/ColumnListItemRenderer.js",
      "description" : "! SAP UI development toolkit for HTML5 (SAPUI5/OpenUI5) (c) Copyright 2009-2014 SAP AG or an SAP affiliate company.  Licensed under the Apache License, Version 2.0 - see LICENSE.txt.",
      "size" : 5131,
      "compressedSize" : 2792,
      "required" : ["sap/ui/core/Renderer.js", "sap/m/ListRenderer.js", "sap/m/ListItemBaseRenderer.js", "jquery.sap.global.js"],
      "includes" : []
    },
    {
      "name" : "sap/m/CustomListItem.js",
      "description" : "Provides control sap.m.CustomListItem.",
      "size" : 6725,
      "compressedSize" : 544,
      "required" : ["sap/m/library.js", "sap/m/ListItemBase.js", "jquery.sap.global.js"],
      "includes" : []
    },
    {
      "name" : "sap/m/CustomListItemRenderer.js",
      "description" : "! SAP UI development toolkit for HTML5 (SAPUI5/OpenUI5) (c) Copyright 2009-2014 SAP AG or an SAP affiliate company.  Licensed under the Apache License, Version 2.0 - see LICENSE.txt.",
      "size" : 1198,
      "compressedSize" : 658,
      "required" : ["sap/ui/core/Renderer.js", "sap/m/ListItemBaseRenderer.js", "jquery.sap.global.js"],
      "includes" : []
    },
    {
      "name" : "sap/m/CustomTile.js",
      "description" : "Provides control sap.m.CustomTile.",
      "size" : 4069,
      "compressedSize" : 478,
      "required" : ["sap/m/library.js", "sap/m/Tile.js", "jquery.sap.global.js"],
      "includes" : []
    },
    {
      "name" : "sap/m/CustomTileRenderer.js",
      "description" : "! SAP UI development toolkit for HTML5 (SAPUI5/OpenUI5) (c) Copyright 2009-2014 SAP AG or an SAP affiliate company.  Licensed under the Apache License, Version 2.0 - see LICENSE.txt.",
      "size" : 1402,
      "compressedSize" : 839,
      "required" : ["sap/m/TileRenderer.js", "jquery.sap.global.js"],
      "includes" : []
    },
    {
      "name" : "sap/m/DateTimeInput.js",
      "description" : "Provides control sap.m.DateTimeInput.",
      "size" : 36643,
      "compressedSize" : 13148,
      "required" : ["sap/m/library.js", "sap/m/InputBase.js", "sap/ui/core/theming/Parameters.js", "sap/ui/model/type/Date.js", "sap/ui/thirdparty/mobiscroll/js/mobiscroll-core.js", "sap/ui/thirdparty/mobiscroll/js/mobiscroll-scroller.js", "sap/ui/thirdparty/mobiscroll/js/mobiscroll-datetime.js", "sap/ui/core/IconPool.js", "sap/m/InstanceManager.js", "jquery.sap.global.js"],
      "includes" : []
    },
    {
      "name" : "sap/m/DateTimeInputRenderer.js",
      "size" : 1806,
      "compressedSize" : 722,
      "required" : ["sap/ui/core/Renderer.js", "sap/m/InputBaseRenderer.js", "jquery.sap.global.js"],
      "includes" : []
    },
    {
      "name" : "sap/m/Dialog.js",
      "description" : "Provides control sap.m.Dialog.",
      "size" : 81712,
      "compressedSize" : 26070,
      "required" : ["sap/m/library.js", "sap/ui/core/Control.js", "sap/ui/core/Popup.js", "sap/m/Bar.js", "sap/ui/core/delegate/ScrollEnablement.js", "sap/m/InstanceManager.js", "sap/ui/core/IconPool.js", "sap/ui/core/theming/Parameters.js", "sap/ui/core/ValueState.js", "jquery.sap.global.js"],
      "includes" : []
    },
    {
      "name" : "sap/m/DialogRenderer.js",
      "description" : "! SAP UI development toolkit for HTML5 (SAPUI5/OpenUI5) (c) Copyright 2009-2014 SAP AG or an SAP affiliate company.  Licensed under the Apache License, Version 2.0 - see LICENSE.txt.",
      "size" : 5224,
      "compressedSize" : 2956,
      "required" : ["sap/m/BarRenderer.js", "jquery.sap.global.js"],
      "includes" : []
    },
    {
      "name" : "sap/m/DisplayListItem.js",
      "description" : "Provides control sap.m.DisplayListItem.",
      "size" : 4683,
      "compressedSize" : 529,
      "required" : ["sap/m/library.js", "sap/m/ListItemBase.js", "jquery.sap.global.js"],
      "includes" : []
    },
    {
      "name" : "sap/m/DisplayListItemRenderer.js",
      "description" : "! SAP UI development toolkit for HTML5 (SAPUI5/OpenUI5) (c) Copyright 2009-2014 SAP AG or an SAP affiliate company.  Licensed under the Apache License, Version 2.0 - see LICENSE.txt.",
      "size" : 1467,
      "compressedSize" : 858,
      "required" : ["sap/ui/core/Renderer.js", "sap/m/ListItemBaseRenderer.js", "jquery.sap.global.js"],
      "includes" : []
    },
    {
      "name" : "sap/m/FacetFilter.js",
      "description" : "Provides control sap.m.FacetFilter.",
      "size" : 57224,
      "compressedSize" : 20502,
      "required" : ["sap/m/library.js", "sap/ui/core/Control.js", "sap/ui/core/IconPool.js", "sap/m/NavContainer.js", "jquery.sap.global.js"],
      "includes" : []
    },
    {
      "name" : "sap/m/FacetFilterItem.js",
      "description" : "Provides control sap.m.FacetFilterItem.",
      "size" : 6072,
      "compressedSize" : 952,
      "required" : ["sap/m/library.js", "sap/m/ListItemBase.js", "jquery.sap.global.js"],
      "includes" : []
    },
    {
      "name" : "sap/m/FacetFilterItemRenderer.js",
      "description" : "@copyright",
      "size" : 846,
      "compressedSize" : 437,
      "required" : ["sap/ui/core/Renderer.js", "sap/m/ListItemBaseRenderer.js", "jquery.sap.global.js"],
      "includes" : []
    },
    {
      "name" : "sap/m/FacetFilterList.js",
      "description" : "Provides control sap.m.FacetFilterList.",
      "size" : 31227,
      "compressedSize" : 7383,
      "required" : ["sap/m/library.js", "sap/m/List.js", "jquery.sap.global.js"],
      "includes" : []
    },
    {
      "name" : "sap/m/FacetFilterListRenderer.js",
      "description" : "! SAP UI development toolkit for HTML5 (SAPUI5/OpenUI5) (c) Copyright 2009-2014 SAP AG or an SAP affiliate company.  Licensed under the Apache License, Version 2.0 - see LICENSE.txt.",
      "size" : 567,
      "compressedSize" : 467,
      "required" : ["sap/ui/core/Renderer.js", "sap/m/ListRenderer.js", "jquery.sap.global.js"],
      "includes" : []
    },
    {
      "name" : "sap/m/FacetFilterRenderer.js",
      "description" : "@copyright",
      "size" : 3496,
      "compressedSize" : 1730,
      "required" : ["jquery.sap.global.js"],
      "includes" : []
    },
    {
      "name" : "sap/m/FeedListItem.js",
      "description" : "Provides control sap.m.FeedListItem.",
      "size" : 19719,
      "compressedSize" : 2826,
      "required" : ["sap/m/library.js", "sap/m/ListItemBase.js", "jquery.sap.global.js"],
      "includes" : []
    },
    {
      "name" : "sap/m/FeedListItemRenderer.js",
      "description" : "Provides default renderer for the sap.m.FeedListItem",
      "size" : 5253,
      "compressedSize" : 3001,
      "required" : ["sap/ui/core/Renderer.js", "sap/m/ListItemBaseRenderer.js", "jquery.sap.global.js"],
      "includes" : []
    },
    {
      "name" : "sap/m/FlexBox.js",
      "description" : "Provides control sap.m.FlexBox.",
      "size" : 19023,
      "compressedSize" : 4407,
      "required" : ["sap/m/library.js", "sap/ui/core/Control.js", "sap/m/FlexBoxStylingHelper.js", "jquery.sap.global.js"],
      "includes" : []
    },
    {
      "name" : "sap/m/FlexBoxCssPropertyMap.js",
      "description" : "! SAP UI development toolkit for HTML5 (SAPUI5/OpenUI5) (c) Copyright 2009-2014 SAP AG or an SAP affiliate company.  Licensed under the Apache License, Version 2.0 - see LICENSE.txt.",
      "size" : 3395,
      "compressedSize" : 2546,
      "required" : ["jquery.sap.global.js"],
      "includes" : []
    },
    {
      "name" : "sap/m/FlexBoxRenderer.js",
      "size" : 4445,
      "compressedSize" : 2565,
      "required" : ["sap/m/FlexBoxStylingHelper.js", "jquery.sap.global.js"],
      "includes" : []
    },
    {
      "name" : "sap/m/FlexBoxStylingHelper.js",
      "size" : 11878,
      "compressedSize" : 4100,
      "required" : ["sap/m/FlexBoxCssPropertyMap.js", "sap/ui/thirdparty/flexie.js", "jquery.sap.global.js"],
      "includes" : []
    },
    {
      "name" : "sap/m/FlexItemData.js",
      "description" : "Provides control sap.m.FlexItemData.",
      "size" : 7708,
      "compressedSize" : 1218,
      "required" : ["sap/m/library.js", "sap/ui/core/LayoutData.js", "sap/m/FlexBoxStylingHelper.js", "jquery.sap.global.js"],
      "includes" : []
    },
    {
      "name" : "sap/m/GroupHeaderListItem.js",
      "description" : "Provides control sap.m.GroupHeaderListItem.",
      "size" : 6602,
      "compressedSize" : 1033,
      "required" : ["sap/m/library.js", "sap/m/ListItemBase.js", "jquery.sap.global.js"],
      "includes" : []
    },
    {
      "name" : "sap/m/GroupHeaderListItemRenderer.js",
      "description" : "! SAP UI development toolkit for HTML5 (SAPUI5/OpenUI5) (c) Copyright 2009-2014 SAP AG or an SAP affiliate company.  Licensed under the Apache License, Version 2.0 - see LICENSE.txt.",
      "size" : 2130,
      "compressedSize" : 1033,
      "required" : ["sap/ui/core/Renderer.js", "sap/m/ListItemBaseRenderer.js", "jquery.sap.global.js"],
      "includes" : []
    },
    {
      "name" : "sap/m/GrowingEnablement.js",
      "description" : "Provides class sap.m.GrowingEnablement",
      "size" : 24488,
      "compressedSize" : 11682,
      "required" : ["sap/ui/base/Object.js", "jquery.sap.global.js"],
      "includes" : []
    },
    {
      "name" : "sap/m/GrowingList.js",
      "description" : "Provides control sap.m.GrowingList.",
      "size" : 7472,
      "compressedSize" : 1207,
      "required" : ["sap/m/library.js", "sap/m/List.js", "jquery.sap.global.js"],
      "includes" : []
    },
    {
      "name" : "sap/m/GrowingListRenderer.js",
      "description" : "! SAP UI development toolkit for HTML5 (SAPUI5/OpenUI5) (c) Copyright 2009-2014 SAP AG or an SAP affiliate company.  Licensed under the Apache License, Version 2.0 - see LICENSE.txt.",
      "size" : 1064,
      "compressedSize" : 709,
      "required" : ["sap/ui/core/Renderer.js", "sap/m/ListRenderer.js", "jquery.sap.global.js"],
      "includes" : []
    },
    {
      "name" : "sap/m/HBox.js",
      "description" : "Provides control sap.m.HBox.",
      "size" : 3145,
      "compressedSize" : 374,
      "required" : ["sap/m/library.js", "sap/m/FlexBox.js", "jquery.sap.global.js"],
      "includes" : []
    },
    {
      "name" : "sap/m/HBoxRenderer.js",
      "description" : "! SAP UI development toolkit for HTML5 (SAPUI5/OpenUI5) (c) Copyright 2009-2014 SAP AG or an SAP affiliate company.  Licensed under the Apache License, Version 2.0 - see LICENSE.txt.",
      "size" : 829,
      "compressedSize" : 400,
      "required" : ["sap/m/FlexBoxRenderer.js", "jquery.sap.global.js"],
      "includes" : []
    },
    {
      "name" : "sap/m/IconTabBar.js",
      "description" : "Provides control sap.m.IconTabBar.",
      "size" : 52744,
      "compressedSize" : 17687,
      "required" : ["sap/m/library.js", "sap/ui/core/Control.js", "sap/ui/core/delegate/ItemNavigation.js", "sap/ui/core/EnabledPropagator.js", "jquery.sap.global.js"],
      "includes" : []
    },
    {
      "name" : "sap/m/IconTabBarRenderer.js",
      "description" : "! SAP UI development toolkit for HTML5 (SAPUI5/OpenUI5) (c) Copyright 2009-2014 SAP AG or an SAP affiliate company.  Licensed under the Apache License, Version 2.0 - see LICENSE.txt.",
      "size" : 5975,
      "compressedSize" : 3842,
      "required" : ["sap/ui/core/IconPool.js", "jquery.sap.global.js"],
      "includes" : []
    },
    {
      "name" : "sap/m/IconTabFilter.js",
      "description" : "Provides control sap.m.IconTabFilter.",
      "size" : 13592,
      "compressedSize" : 1544,
      "required" : ["sap/m/library.js", "sap/ui/core/Item.js", "jquery.sap.global.js"],
      "includes" : []
    },
    {
      "name" : "sap/m/IconTabSeparator.js",
      "description" : "Provides control sap.m.IconTabSeparator.",
      "size" : 5913,
      "compressedSize" : 1022,
      "required" : ["sap/m/library.js", "sap/ui/core/Element.js", "jquery.sap.global.js"],
      "includes" : []
    },
    {
      "name" : "sap/m/Image.js",
      "description" : "Provides control sap.m.Image.",
      "size" : 25235,
      "compressedSize" : 4646,
      "required" : ["sap/m/library.js", "sap/ui/core/Control.js", "jquery.sap.global.js"],
      "includes" : []
    },
    {
      "name" : "sap/m/ImageRenderer.js",
      "description" : "Provides default renderer for control sap.m.Image",
      "size" : 2724,
      "compressedSize" : 1210,
      "required" : ["jquery.sap.global.js"],
      "includes" : []
    },
    {
      "name" : "sap/m/Input.js",
      "description" : "Provides control sap.m.Input.",
      "size" : 43956,
      "compressedSize" : 13215,
      "required" : ["sap/m/library.js", "sap/m/InputBase.js", "jquery.sap.strings.js", "sap/m/Dialog.js", "sap/m/Popover.js", "sap/m/List.js", "sap/m/StandardListItem.js", "sap/m/Bar.js", "sap/ui/core/IconPool.js", "jquery.sap.global.js"],
      "includes" : []
    },
    {
      "name" : "sap/m/InputBase.js",
      "description" : "Provides control sap.m.InputBase.",
      "size" : 24173,
      "compressedSize" : 5938,
      "required" : ["sap/m/library.js", "sap/ui/core/Control.js", "sap/ui/core/EnabledPropagator.js", "sap/ui/core/IconPool.js", "jquery.sap.global.js"],
      "includes" : []
    },
    {
      "name" : "sap/m/InputBaseRenderer.js",
      "description" : "! SAP UI development toolkit for HTML5 (SAPUI5/OpenUI5) (c) Copyright 2009-2014 SAP AG or an SAP affiliate company.  Licensed under the Apache License, Version 2.0 - see LICENSE.txt.",
      "size" : 8659,
      "compressedSize" : 3173,
      "required" : ["sap/ui/core/ValueStateSupport.js", "jquery.sap.global.js"],
      "includes" : []
    },
    {
      "name" : "sap/m/InputListItem.js",
      "description" : "Provides control sap.m.InputListItem.",
      "size" : 7462,
      "compressedSize" : 610,
      "required" : ["sap/m/library.js", "sap/m/ListItemBase.js", "jquery.sap.global.js"],
      "includes" : []
    },
    {
      "name" : "sap/m/InputListItemRenderer.js",
      "description" : "! SAP UI development toolkit for HTML5 (SAPUI5/OpenUI5) (c) Copyright 2009-2014 SAP AG or an SAP affiliate company.  Licensed under the Apache License, Version 2.0 - see LICENSE.txt.",
      "size" : 1495,
      "compressedSize" : 861,
      "required" : ["sap/ui/core/Renderer.js", "sap/m/ListItemBaseRenderer.js", "jquery.sap.global.js"],
      "includes" : []
    },
    {
      "name" : "sap/m/InputRenderer.js",
      "size" : 2982,
      "compressedSize" : 1171,
      "required" : ["sap/ui/core/Renderer.js", "sap/m/InputBaseRenderer.js", "jquery.sap.global.js"],
      "includes" : []
    },
    {
      "name" : "sap/m/InstanceManager.js",
      "description" : "Provides class sap.m.InstanceManager",
      "size" : 11223,
      "compressedSize" : 2725,
      "required" : ["jquery.sap.global.js"],
      "includes" : []
    },
    {
      "name" : "sap/m/Label.js",
      "description" : "Provides control sap.m.Label.",
      "size" : 10088,
      "compressedSize" : 1151,
      "required" : ["sap/m/library.js", "sap/ui/core/Control.js", "jquery.sap.global.js"],
      "includes" : []
    },
    {
      "name" : "sap/m/LabelRenderer.js",
      "description" : "! SAP UI development toolkit for HTML5 (SAPUI5/OpenUI5) (c) Copyright 2009-2014 SAP AG or an SAP affiliate company.  Licensed under the Apache License, Version 2.0 - see LICENSE.txt.",
      "size" : 2742,
      "compressedSize" : 1338,
      "required" : ["sap/ui/core/Renderer.js", "jquery.sap.global.js"],
      "includes" : []
    },
    {
      "name" : "sap/m/Link.js",
      "description" : "Provides control sap.m.Link.",
      "size" : 11843,
      "compressedSize" : 1528,
      "required" : ["sap/m/library.js", "sap/ui/core/Control.js", "sap/ui/core/EnabledPropagator.js", "jquery.sap.global.js"],
      "includes" : []
    },
    {
      "name" : "sap/m/LinkRenderer.js",
      "description" : "! SAP UI development toolkit for HTML5 (SAPUI5/OpenUI5) (c) Copyright 2009-2014 SAP AG or an SAP affiliate company.  Licensed under the Apache License, Version 2.0 - see LICENSE.txt.",
      "size" : 1807,
      "compressedSize" : 1050,
      "required" : ["jquery.sap.global.js"],
      "includes" : []
    },
    {
      "name" : "sap/m/List.js",
      "description" : "Provides control sap.m.List.",
      "size" : 8498,
      "compressedSize" : 1202,
      "required" : ["sap/m/library.js", "sap/m/ListBase.js", "jquery.sap.global.js"],
      "includes" : []
    },
    {
      "name" : "sap/m/ListBase.js",
      "description" : "Provides control sap.m.ListBase.",
      "size" : 92367,
      "compressedSize" : 21842,
      "required" : ["sap/m/library.js", "sap/ui/core/Control.js", "sap/ui/core/theming/Parameters.js", "sap/ui/core/delegate/ItemNavigation.js", "sap/m/GroupHeaderListItem.js", "jquery.sap.global.js"],
      "includes" : []
    },
    {
      "name" : "sap/m/ListBaseRenderer.js",
      "description" : "! SAP UI development toolkit for HTML5 (SAPUI5/OpenUI5) (c) Copyright 2009-2014 SAP AG or an SAP affiliate company.  Licensed under the Apache License, Version 2.0 - see LICENSE.txt.",
      "size" : 6208,
      "compressedSize" : 2656,
      "required" : ["sap/ui/core/theming/Parameters.js", "jquery.sap.global.js"],
      "includes" : []
    },
    {
      "name" : "sap/m/ListItemBase.js",
      "description" : "Provides control sap.m.ListItemBase.",
      "size" : 31294,
      "compressedSize" : 10394,
      "required" : ["sap/m/library.js", "sap/ui/core/Control.js", "sap/ui/core/theming/Parameters.js", "jquery.sap.global.js"],
      "includes" : []
    },
    {
      "name" : "sap/m/ListItemBaseRenderer.js",
      "description" : "! SAP UI development toolkit for HTML5 (SAPUI5/OpenUI5) (c) Copyright 2009-2014 SAP AG or an SAP affiliate company.  Licensed under the Apache License, Version 2.0 - see LICENSE.txt.",
      "size" : 12105,
      "compressedSize" : 7542,
      "required" : ["sap/ui/core/theming/Parameters.js", "sap/ui/core/IconPool.js", "jquery.sap.global.js"],
      "includes" : []
    },
    {
      "name" : "sap/m/ListRenderer.js",
      "size" : 1551,
      "compressedSize" : 865,
      "required" : ["sap/ui/core/Renderer.js", "sap/m/ListBaseRenderer.js", "jquery.sap.global.js"],
      "includes" : []
    },
    {
      "name" : "sap/m/MessageBox.js",
      "description" : "Provides class sap.m.MessageBox",
      "size" : 11455,
      "compressedSize" : 2907,
      "required" : ["sap/m/Button.js", "sap/m/Dialog.js", "sap/m/Text.js", "sap/ui/core/IconPool.js", "sap/ui/core/theming/Parameters.js", "jquery.sap.global.js"],
      "includes" : []
    },
    {
      "name" : "sap/m/MessageToast.js",
      "description" : "! SAP UI development toolkit for HTML5 (SAPUI5/OpenUI5) (c) Copyright 2009-2014 SAP AG or an SAP affiliate company.  Licensed under the Apache License, Version 2.0 - see LICENSE.txt.",
      "size" : 15653,
      "compressedSize" : 6813,
      "required" : ["sap/ui/core/Popup.js", "sap/m/InstanceManager.js", "jquery.sap.global.js"],
      "includes" : []
    },
    {
      "name" : "sap/m/NavContainer.js",
      "description" : "Provides control sap.m.NavContainer.",
      "size" : 87386,
      "compressedSize" : 21600,
      "required" : ["sap/m/library.js", "sap/ui/core/Control.js", "jquery.sap.global.js"],
      "includes" : []
    },
    {
      "name" : "sap/m/NavContainerRenderer.js",
      "description" : "! SAP UI development toolkit for HTML5 (SAPUI5/OpenUI5) (c) Copyright 2009-2014 SAP AG or an SAP affiliate company.  Licensed under the Apache License, Version 2.0 - see LICENSE.txt.",
      "size" : 1678,
      "compressedSize" : 785,
      "required" : ["jquery.sap.global.js"],
      "includes" : []
    },
    {
      "name" : "sap/m/ObjectAttribute.js",
      "description" : "Provides control sap.m.ObjectAttribute.",
      "size" : 8821,
      "compressedSize" : 997,
      "required" : ["sap/m/library.js", "sap/ui/core/Control.js", "jquery.sap.global.js"],
      "includes" : []
    },
    {
      "name" : "sap/m/ObjectAttributeRenderer.js",
      "description" : "@copyright",
      "size" : 1163,
      "compressedSize" : 564,
      "required" : ["jquery.sap.global.js"],
      "includes" : []
    },
    {
      "name" : "sap/m/ObjectHeader.js",
      "description" : "Provides control sap.m.ObjectHeader.",
      "size" : 43241,
      "compressedSize" : 6571,
      "required" : ["sap/m/library.js", "sap/ui/core/Control.js", "sap/ui/core/IconPool.js", "jquery.sap.global.js"],
      "includes" : []
    },
    {
      "name" : "sap/m/ObjectHeaderRenderer.js",
      "description" : "@copyright",
      "size" : 14891,
      "compressedSize" : 6733,
      "required" : ["sap/ui/core/IconPool.js", "jquery.sap.global.js"],
      "includes" : []
    },
    {
      "name" : "sap/m/ObjectIdentifier.js",
      "description" : "Provides control sap.m.ObjectIdentifier.",
      "size" : 8919,
      "compressedSize" : 1903,
      "required" : ["sap/m/library.js", "sap/ui/core/Control.js", "sap/ui/core/IconPool.js", "jquery.sap.global.js"],
      "includes" : []
    },
    {
      "name" : "sap/m/ObjectIdentifierRenderer.js",
      "description" : "! SAP UI development toolkit for HTML5 (SAPUI5/OpenUI5) (c) Copyright 2009-2014 SAP AG or an SAP affiliate company.  Licensed under the Apache License, Version 2.0 - see LICENSE.txt.",
      "size" : 2471,
      "compressedSize" : 1449,
      "required" : ["jquery.sap.global.js"],
      "includes" : []
    },
    {
      "name" : "sap/m/ObjectListItem.js",
      "description" : "Provides control sap.m.ObjectListItem.",
      "size" : 21895,
      "compressedSize" : 4194,
      "required" : ["sap/m/library.js", "sap/m/ListItemBase.js", "sap/ui/core/IconPool.js", "jquery.sap.global.js"],
      "includes" : []
    },
    {
      "name" : "sap/m/ObjectListItemRenderer.js",
      "description" : "! SAP UI development toolkit for HTML5 (SAPUI5/OpenUI5) (c) Copyright 2009-2014 SAP AG or an SAP affiliate company.  Licensed under the Apache License, Version 2.0 - see LICENSE.txt.",
      "size" : 6467,
      "compressedSize" : 3440,
      "required" : ["sap/ui/core/Renderer.js", "sap/m/ListItemBaseRenderer.js", "jquery.sap.global.js"],
      "includes" : []
    },
    {
      "name" : "sap/m/ObjectNumber.js",
      "description" : "Provides control sap.m.ObjectNumber.",
      "size" : 8918,
      "compressedSize" : 1142,
      "required" : ["sap/m/library.js", "sap/ui/core/Control.js", "jquery.sap.global.js"],
      "includes" : []
    },
    {
      "name" : "sap/m/ObjectNumberRenderer.js",
      "description" : "@copyright",
      "size" : 1460,
      "compressedSize" : 704,
      "required" : ["jquery.sap.global.js"],
      "includes" : []
    },
    {
      "name" : "sap/m/ObjectStatus.js",
      "description" : "Provides control sap.m.ObjectStatus.",
      "size" : 7879,
      "compressedSize" : 1305,
      "required" : ["sap/m/library.js", "sap/ui/core/Control.js", "sap/ui/core/IconPool.js", "jquery.sap.global.js"],
      "includes" : []
    },
    {
      "name" : "sap/m/ObjectStatusRenderer.js",
      "description" : "! SAP UI development toolkit for HTML5 (SAPUI5/OpenUI5) (c) Copyright 2009-2014 SAP AG or an SAP affiliate company.  Licensed under the Apache License, Version 2.0 - see LICENSE.txt.",
      "size" : 1631,
      "compressedSize" : 897,
      "required" : ["jquery.sap.global.js"],
      "includes" : []
    },
    {
      "name" : "sap/m/Page.js",
      "description" : "Provides control sap.m.Page.",
      "size" : 37986,
      "compressedSize" : 9250,
      "required" : ["sap/m/library.js", "sap/ui/core/Control.js", "jquery.sap.global.js"],
      "includes" : []
    },
    {
      "name" : "sap/m/PageRenderer.js",
      "description" : "! SAP UI development toolkit for HTML5 (SAPUI5/OpenUI5) (c) Copyright 2009-2014 SAP AG or an SAP affiliate company.  Licensed under the Apache License, Version 2.0 - see LICENSE.txt.",
      "size" : 2250,
      "compressedSize" : 1233,
      "required" : ["jquery.sap.global.js"],
      "includes" : []
    },
    {
      "name" : "sap/m/Panel.js",
      "description" : "Provides control sap.m.Panel.",
      "size" : 11439,
      "compressedSize" : 1221,
      "required" : ["sap/m/library.js", "sap/ui/core/Control.js", "jquery.sap.global.js"],
      "includes" : []
    },
    {
      "name" : "sap/m/PanelRenderer.js",
      "description" : "! SAP UI development toolkit for HTML5 (SAPUI5/OpenUI5) (c) Copyright 2009-2014 SAP AG or an SAP affiliate company.  Licensed under the Apache License, Version 2.0 - see LICENSE.txt.",
      "size" : 1914,
      "compressedSize" : 1043,
      "required" : ["jquery.sap.global.js"],
      "includes" : []
    },
    {
      "name" : "sap/m/Popover.js",
      "description" : "Provides control sap.m.Popover.",
      "size" : 97706,
      "compressedSize" : 30734,
      "required" : ["sap/m/library.js", "sap/ui/core/Control.js", "sap/ui/core/Popup.js", "sap/m/Bar.js", "sap/ui/core/delegate/ScrollEnablement.js", "sap/m/InstanceManager.js", "sap/ui/core/theming/Parameters.js", "jquery.sap.global.js"],
      "includes" : []
    },
    {
      "name" : "sap/m/PopoverRenderer.js",
      "description" : "! SAP UI development toolkit for HTML5 (SAPUI5/OpenUI5) (c) Copyright 2009-2014 SAP AG or an SAP affiliate company.  Licensed under the Apache License, Version 2.0 - see LICENSE.txt.",
      "size" : 6325,
      "compressedSize" : 3472,
      "required" : ["jquery.sap.global.js"],
      "includes" : []
    },
    {
      "name" : "sap/m/ProgressIndicator.js",
      "description" : "Provides control sap.m.ProgressIndicator.",
      "size" : 11658,
      "compressedSize" : 2015,
      "required" : ["sap/m/library.js", "sap/ui/core/Control.js", "jquery.sap.global.js"],
      "includes" : []
    },
    {
      "name" : "sap/m/ProgressIndicatorRenderer.js",
      "description" : "! SAP UI development toolkit for HTML5 (SAPUI5/OpenUI5) (c) Copyright 2009-2014 SAP AG or an SAP affiliate company.  Licensed under the Apache License, Version 2.0 - see LICENSE.txt.",
      "size" : 2777,
      "compressedSize" : 1564,
      "required" : ["jquery.sap.global.js"],
      "includes" : []
    },
    {
      "name" : "sap/m/PullToRefresh.js",
      "description" : "Provides control sap.m.PullToRefresh.",
      "size" : 17167,
      "compressedSize" : 5331,
      "required" : ["sap/m/library.js", "sap/ui/core/Control.js", "sap/ui/core/theming/Parameters.js", "jquery.sap.global.js"],
      "includes" : []
    },
    {
      "name" : "sap/m/PullToRefreshRenderer.js",
      "description" : "! SAP UI development toolkit for HTML5 (SAPUI5/OpenUI5) (c) Copyright 2009-2014 SAP AG or an SAP affiliate company.  Licensed under the Apache License, Version 2.0 - see LICENSE.txt.",
      "size" : 2383,
      "compressedSize" : 1307,
      "required" : ["sap/ui/core/IconPool.js", "jquery.sap.global.js"],
      "includes" : []
    },
    {
      "name" : "sap/m/RadioButton.js",
      "description" : "Provides control sap.m.RadioButton.",
      "size" : 18208,
      "compressedSize" : 3988,
      "required" : ["sap/m/library.js", "sap/ui/core/Control.js", "sap/ui/core/EnabledPropagator.js", "jquery.sap.global.js"],
      "includes" : []
    },
    {
      "name" : "sap/m/RadioButtonRenderer.js",
      "description" : "! SAP UI development toolkit for HTML5 (SAPUI5/OpenUI5) (c) Copyright 2009-2014 SAP AG or an SAP affiliate company.  Licensed under the Apache License, Version 2.0 - see LICENSE.txt.",
      "size" : 3620,
      "compressedSize" : 1809,
      "required" : ["sap/ui/core/ValueStateSupport.js", "jquery.sap.global.js"],
      "includes" : []
    },
    {
      "name" : "sap/m/RatingIndicator.js",
      "description" : "Provides control sap.m.RatingIndicator.",
      "size" : 37425,
      "compressedSize" : 9546,
      "required" : ["sap/m/library.js", "sap/ui/core/Control.js", "sap/ui/core/IconPool.js", "sap/ui/core/theming/Parameters.js", "jquery.sap.global.js"],
      "includes" : []
    },
    {
      "name" : "sap/m/RatingIndicatorRenderer.js",
      "description" : "! SAP UI development toolkit for HTML5 (SAPUI5/OpenUI5) (c) Copyright 2009-2014 SAP AG or an SAP affiliate company.  Licensed under the Apache License, Version 2.0 - see LICENSE.txt.",
      "size" : 4978,
      "compressedSize" : 2099,
      "required" : ["sap/ui/core/theming/Parameters.js", "jquery.sap.global.js"],
      "includes" : []
    },
    {
      "name" : "sap/m/ResponsivePopover.js",
      "description" : "Provides control sap.m.ResponsivePopover.",
      "size" : 46177,
      "compressedSize" : 8504,
      "required" : ["sap/m/library.js", "sap/ui/core/Control.js", "sap/ui/core/IconPool.js", "sap/m/Popover.js", "sap/m/Dialog.js", "jquery.sap.global.js"],
      "includes" : []
    },
    {
      "name" : "sap/m/ResponsivePopoverRenderer.js",
      "description" : "! SAP UI development toolkit for HTML5 (SAPUI5/OpenUI5) (c) Copyright 2009-2014 SAP AG or an SAP affiliate company.  Licensed under the Apache License, Version 2.0 - see LICENSE.txt.",
      "size" : 751,
      "compressedSize" : 347,
      "required" : ["jquery.sap.global.js"],
      "includes" : []
    },
    {
      "name" : "sap/m/ScrollContainer.js",
      "description" : "Provides control sap.m.ScrollContainer.",
      "size" : 14475,
      "compressedSize" : 2039,
      "required" : ["sap/m/library.js", "sap/ui/core/Control.js", "jquery.sap.global.js"],
      "includes" : []
    },
    {
      "name" : "sap/m/ScrollContainerRenderer.js",
      "description" : "! SAP UI development toolkit for HTML5 (SAPUI5/OpenUI5) (c) Copyright 2009-2014 SAP AG or an SAP affiliate company.  Licensed under the Apache License, Version 2.0 - see LICENSE.txt.",
      "size" : 1763,
      "compressedSize" : 969,
      "required" : ["jquery.sap.global.js"],
      "includes" : []
    },
    {
      "name" : "sap/m/SearchField.js",
      "description" : "Provides control sap.m.SearchField.",
      "size" : 28207,
      "compressedSize" : 6798,
      "required" : ["sap/m/library.js", "sap/ui/core/Control.js", "sap/ui/core/EnabledPropagator.js", "sap/ui/core/IconPool.js", "sap/ui/core/theming/Parameters.js", "jquery.sap.global.js"],
      "includes" : []
    },
    {
      "name" : "sap/m/SearchFieldRenderer.js",
      "description" : "! SAP UI development toolkit for HTML5 (SAPUI5/OpenUI5) (c) Copyright 2009-2014 SAP AG or an SAP affiliate company.  Licensed under the Apache License, Version 2.0 - see LICENSE.txt.",
      "size" : 6338,
      "compressedSize" : 3352,
      "required" : ["jquery.sap.global.js"],
      "includes" : []
    },
    {
      "name" : "sap/m/SegmentedButton.js",
      "description" : "Provides control sap.m.SegmentedButton.",
      "size" : 22943,
      "compressedSize" : 6950,
      "required" : ["sap/m/library.js", "sap/ui/core/Control.js", "sap/ui/core/delegate/ItemNavigation.js", "jquery.sap.global.js"],
      "includes" : []
    },
    {
      "name" : "sap/m/SegmentedButtonRenderer.js",
      "description" : "! SAP UI development toolkit for HTML5 (SAPUI5/OpenUI5) (c) Copyright 2009-2014 SAP AG or an SAP affiliate company.  Licensed under the Apache License, Version 2.0 - see LICENSE.txt.",
      "size" : 2881,
      "compressedSize" : 1664,
      "required" : ["jquery.sap.global.js"],
      "includes" : []
    },
    {
      "name" : "sap/m/Select.js",
      "description" : "Provides control sap.m.Select.",
      "size" : 59870,
      "compressedSize" : 17430,
      "required" : ["sap/m/library.js", "sap/ui/core/Control.js", "sap/ui/core/EnabledPropagator.js", "sap/m/SelectRenderer.js", "sap/m/Input.js", "sap/m/Bar.js", "sap/m/List.js", "sap/m/Popover.js", "sap/ui/core/IconPool.js", "jquery.sap.global.js"],
      "includes" : []
    },
    {
      "name" : "sap/m/SelectDialog.js",
      "description" : "Provides control sap.m.SelectDialog.",
      "size" : 51077,
      "compressedSize" : 12305,
      "required" : ["sap/m/library.js", "sap/ui/core/Control.js", "sap/m/Button.js", "sap/m/Dialog.js", "sap/m/List.js", "sap/m/SearchField.js", "jquery.sap.global.js"],
      "includes" : []
    },
    {
      "name" : "sap/m/SelectDialogRenderer.js",
      "description" : "! SAP UI development toolkit for HTML5 (SAPUI5/OpenUI5) (c) Copyright 2009-2014 SAP AG or an SAP affiliate company.  Licensed under the Apache License, Version 2.0 - see LICENSE.txt.",
      "size" : 731,
      "compressedSize" : 332,
      "required" : ["jquery.sap.global.js"],
      "includes" : []
    },
    {
      "name" : "sap/m/SelectRenderer.js",
      "description" : "! SAP UI development toolkit for HTML5 (SAPUI5/OpenUI5) (c) Copyright 2009-2014 SAP AG or an SAP affiliate company.  Licensed under the Apache License, Version 2.0 - see LICENSE.txt.",
      "size" : 6425,
      "compressedSize" : 2585,
      "required" : ["sap/ui/core/ValueStateSupport.js", "jquery.sap.global.js"],
      "includes" : []
    },
    {
      "name" : "sap/m/Shell.js",
      "description" : "Provides control sap.m.Shell.",
      "size" : 19479,
      "compressedSize" : 2929,
      "required" : ["sap/m/library.js", "sap/ui/core/Control.js", "jquery.sap.global.js"],
      "includes" : []
    },
    {
      "name" : "sap/m/ShellRenderer.js",
      "description" : "! SAP UI development toolkit for HTML5 (SAPUI5/OpenUI5) (c) Copyright 2009-2014 SAP AG or an SAP affiliate company.  Licensed under the Apache License, Version 2.0 - see LICENSE.txt.",
      "size" : 3780,
      "compressedSize" : 2501,
      "required" : ["jquery.sap.global.js"],
      "includes" : []
    },
    {
      "name" : "sap/m/Slider.js",
      "description" : "Provides control sap.m.Slider.",
      "size" : 35712,
      "compressedSize" : 8960,
      "required" : ["sap/m/library.js", "sap/ui/core/Control.js", "sap/ui/core/EnabledPropagator.js", "sap/m/SliderRenderer.js", "jquery.sap.global.js"],
      "includes" : []
    },
    {
      "name" : "sap/m/SliderRenderer.js",
      "description" : "! SAP UI development toolkit for HTML5 (SAPUI5/OpenUI5) (c) Copyright 2009-2014 SAP AG or an SAP affiliate company.  Licensed under the Apache License, Version 2.0 - see LICENSE.txt.",
      "size" : 3061,
      "compressedSize" : 1887,
      "required" : ["jquery.sap.global.js"],
      "includes" : []
    },
    {
      "name" : "sap/m/SplitApp.js",
      "description" : "Provides control sap.m.SplitApp.",
      "size" : 10459,
      "compressedSize" : 1929,
      "required" : ["sap/m/library.js", "sap/m/SplitContainer.js", "jquery.sap.global.js"],
      "includes" : []
    },
    {
      "name" : "sap/m/SplitAppRenderer.js",
      "description" : "! SAP UI development toolkit for HTML5 (SAPUI5/OpenUI5) (c) Copyright 2009-2014 SAP AG or an SAP affiliate company.  Licensed under the Apache License, Version 2.0 - see LICENSE.txt.",
      "size" : 975,
      "compressedSize" : 811,
      "required" : ["sap/ui/core/Renderer.js", "sap/m/SplitContainerRenderer.js", "jquery.sap.global.js"],
      "includes" : []
    },
    {
      "name" : "sap/m/SplitContainer.js",
      "description" : "Provides control sap.m.SplitContainer.",
      "size" : 121945,
      "compressedSize" : 28054,
      "required" : ["sap/m/library.js", "sap/ui/core/Control.js", "sap/ui/core/theming/Parameters.js", "sap/ui/core/IconPool.js", "jquery.sap.global.js"],
      "includes" : []
    },
    {
      "name" : "sap/m/SplitContainerRenderer.js",
      "description" : "! SAP UI development toolkit for HTML5 (SAPUI5/OpenUI5) (c) Copyright 2009-2014 SAP AG or an SAP affiliate company.  Licensed under the Apache License, Version 2.0 - see LICENSE.txt.",
      "size" : 2671,
      "compressedSize" : 1609,
      "required" : ["jquery.sap.global.js"],
      "includes" : []
    },
    {
      "name" : "sap/m/StandardListItem.js",
      "description" : "Provides control sap.m.StandardListItem.",
      "size" : 12486,
      "compressedSize" : 2161,
      "required" : ["sap/m/library.js", "sap/m/ListItemBase.js", "sap/ui/core/EnabledPropagator.js", "sap/ui/core/IconPool.js", "jquery.sap.global.js"],
      "includes" : []
    },
    {
      "name" : "sap/m/StandardListItemRenderer.js",
      "description" : "! SAP UI development toolkit for HTML5 (SAPUI5/OpenUI5) (c) Copyright 2009-2014 SAP AG or an SAP affiliate company.  Licensed under the Apache License, Version 2.0 - see LICENSE.txt.",
      "size" : 4696,
      "compressedSize" : 3227,
      "required" : ["sap/ui/core/Renderer.js", "sap/m/ListItemBaseRenderer.js", "jquery.sap.global.js"],
      "includes" : []
    },
    {
      "name" : "sap/m/StandardTile.js",
      "description" : "Provides control sap.m.StandardTile.",
      "size" : 11224,
      "compressedSize" : 1711,
      "required" : ["sap/m/library.js", "sap/m/Tile.js", "sap/ui/core/IconPool.js", "jquery.sap.global.js"],
      "includes" : []
    },
    {
      "name" : "sap/m/StandardTileRenderer.js",
      "description" : "! SAP UI development toolkit for HTML5 (SAPUI5/OpenUI5) (c) Copyright 2009-2014 SAP AG or an SAP affiliate company.  Licensed under the Apache License, Version 2.0 - see LICENSE.txt.",
      "size" : 3141,
      "compressedSize" : 2036,
      "required" : ["sap/m/TileRenderer.js", "jquery.sap.global.js"],
      "includes" : []
    },
    {
      "name" : "sap/m/Support.js",
      "description" : "! SAP UI development toolkit for HTML5 (SAPUI5/OpenUI5) (c) Copyright 2009-2014 SAP AG or an SAP affiliate company.  Licensed under the Apache License, Version 2.0 - see LICENSE.txt.",
      "size" : 7315,
      "compressedSize" : 3545,
      "required" : ["jquery.sap.global.js"],
      "includes" : []
    },
    {
      "name" : "sap/m/Switch.js",
      "description" : "Provides control sap.m.Switch.",
      "size" : 20693,
      "compressedSize" : 5368,
      "required" : ["sap/m/library.js", "sap/ui/core/Control.js", "sap/ui/core/EnabledPropagator.js", "sap/ui/core/theming/Parameters.js", "sap/ui/core/IconPool.js", "sap/m/SwitchRenderer.js", "jquery.sap.global.js"],
      "includes" : []
    },
    {
      "name" : "sap/m/SwitchRenderer.js",
      "description" : "! SAP UI development toolkit for HTML5 (SAPUI5/OpenUI5) (c) Copyright 2009-2014 SAP AG or an SAP affiliate company.  Licensed under the Apache License, Version 2.0 - see LICENSE.txt.",
      "size" : 3657,
      "compressedSize" : 2098,
      "required" : ["jquery.sap.global.js"],
      "includes" : []
    },
    {
      "name" : "sap/m/Table.js",
      "description" : "Provides control sap.m.Table.",
      "size" : 16306,
      "compressedSize" : 5672,
      "required" : ["sap/m/library.js", "sap/m/ListBase.js", "jquery.sap.global.js"],
      "includes" : []
    },
    {
      "name" : "sap/m/TablePersoController.js",
      "description" : "Provides TablePersoController",
      "size" : 15150,
      "compressedSize" : 6317,
      "required" : ["sap/ui/base/ManagedObject.js", "sap/m/TablePersoDialog.js", "jquery.sap.global.js"],
      "includes" : []
    },
    {
      "name" : "sap/m/TablePersoDialog.js",
      "description" : "Provides TablePersoDialog",
      "size" : 12469,
      "compressedSize" : 5803,
      "required" : ["sap/ui/base/ManagedObject.js", "sap/m/InputListItem.js", "sap/m/Switch.js", "sap/m/SwitchType.js", "sap/m/Dialog.js", "sap/m/List.js", "sap/m/Bar.js", "sap/m/Button.js", "jquery.sap.global.js"],
      "includes" : []
    },
    {
      "name" : "sap/m/TablePersoProvider.js",
      "description" : "Provides TablePersoProvider",
      "size" : 3245,
      "compressedSize" : 1161,
      "required" : ["sap/ui/base/ManagedObject.js", "jquery.sap.global.js"],
      "includes" : []
    },
    {
      "name" : "sap/m/TableRenderer.js",
      "size" : 6091,
      "compressedSize" : 3697,
      "required" : ["sap/ui/core/Renderer.js", "sap/m/ListBaseRenderer.js", "jquery.sap.global.js"],
      "includes" : []
    },
    {
      "name" : "sap/m/TableSelectDialog.js",
      "description" : "Provides control sap.m.TableSelectDialog.",
      "size" : 54121,
      "compressedSize" : 12662,
      "required" : ["sap/m/library.js", "sap/ui/core/Control.js", "sap/m/Button.js", "sap/m/Dialog.js", "sap/m/Table.js", "sap/m/SearchField.js", "jquery.sap.global.js"],
      "includes" : []
    },
    {
      "name" : "sap/m/TableSelectDialogRenderer.js",
      "description" : "! SAP UI development toolkit for HTML5 (SAPUI5/OpenUI5) (c) Copyright 2009-2014 SAP AG or an SAP affiliate company.  Licensed under the Apache License, Version 2.0 - see LICENSE.txt.",
      "size" : 746,
      "compressedSize" : 347,
      "required" : ["jquery.sap.global.js"],
      "includes" : []
    },
    {
      "name" : "sap/m/Text.js",
      "description" : "Provides control sap.m.Text.",
      "size" : 16339,
      "compressedSize" : 2966,
      "required" : ["sap/m/library.js", "sap/ui/core/Control.js", "jquery.sap.global.js"],
      "includes" : []
    },
    {
      "name" : "sap/m/TextArea.js",
      "description" : "Provides control sap.m.TextArea.",
      "size" : 16025,
      "compressedSize" : 4175,
      "required" : ["sap/m/library.js", "sap/m/InputBase.js", "jquery.sap.global.js"],
      "includes" : []
    },
    {
      "name" : "sap/m/TextAreaRenderer.js",
      "size" : 2014,
      "compressedSize" : 1228,
      "required" : ["sap/ui/core/Renderer.js", "sap/m/InputBaseRenderer.js", "jquery.sap.global.js"],
      "includes" : []
    },
    {
      "name" : "sap/m/TextRenderer.js",
      "description" : "Provides default renderer for control sap.m.Text",
      "size" : 3467,
      "compressedSize" : 1524,
      "required" : ["sap/ui/core/Renderer.js", "jquery.sap.global.js"],
      "includes" : []
    },
    {
      "name" : "sap/m/Tile.js",
      "description" : "Provides control sap.m.Tile.",
      "size" : 10934,
      "compressedSize" : 2874,
      "required" : ["sap/m/library.js", "sap/ui/core/Control.js", "jquery.sap.global.js"],
      "includes" : []
    },
    {
      "name" : "sap/m/TileContainer.js",
      "description" : "Provides control sap.m.TileContainer.",
      "size" : 54952,
      "compressedSize" : 21497,
      "required" : ["sap/m/library.js", "sap/ui/core/Control.js", "sap/ui/core/IconPool.js", "jquery.sap.global.js"],
      "includes" : []
    },
    {
      "name" : "sap/m/TileContainerRenderer.js",
      "description" : "! SAP UI development toolkit for HTML5 (SAPUI5/OpenUI5) (c) Copyright 2009-2014 SAP AG or an SAP affiliate company.  Licensed under the Apache License, Version 2.0 - see LICENSE.txt.",
      "size" : 2078,
      "compressedSize" : 1439,
      "required" : ["jquery.sap.global.js"],
      "includes" : []
    },
    {
      "name" : "sap/m/TileRenderer.js",
      "description" : "Provides default renderer for control sap.m.Text",
      "size" : 1581,
      "compressedSize" : 940,
      "required" : ["sap/ui/core/Renderer.js", "jquery.sap.global.js"],
      "includes" : []
    },
    {
      "name" : "sap/m/Toolbar.js",
      "description" : "Provides control sap.m.Toolbar.",
      "size" : 30442,
      "compressedSize" : 8642,
      "required" : ["sap/m/library.js", "sap/ui/core/Control.js", "sap/m/ToolbarSpacer.js", "sap/m/ToolbarDesign.js", "sap/m/ToolbarLayoutData.js", "sap/ui/core/ResizeHandler.js", "sap/ui/core/EnabledPropagator.js", "jquery.sap.global.js"],
      "includes" : []
    },
    {
      "name" : "sap/m/ToolbarLayoutData.js",
      "description" : "Provides control sap.m.ToolbarLayoutData.",
      "size" : 6609,
      "compressedSize" : 969,
      "required" : ["sap/m/library.js", "sap/ui/core/LayoutData.js", "jquery.sap.global.js"],
      "includes" : []
    },
    {
      "name" : "sap/m/ToolbarRenderer.js",
      "description" : "! SAP UI development toolkit for HTML5 (SAPUI5/OpenUI5) (c) Copyright 2009-2014 SAP AG or an SAP affiliate company.  Licensed under the Apache License, Version 2.0 - see LICENSE.txt.",
      "size" : 1589,
      "compressedSize" : 1170,
      "required" : ["sap/ui/core/Renderer.js", "jquery.sap.global.js"],
      "includes" : []
    },
    {
      "name" : "sap/m/ToolbarSpacer.js",
      "description" : "Provides control sap.m.ToolbarSpacer.",
      "size" : 4137,
      "compressedSize" : 538,
      "required" : ["sap/m/library.js", "sap/ui/core/Control.js", "jquery.sap.global.js"],
      "includes" : []
    },
    {
      "name" : "sap/m/ToolbarSpacerRenderer.js",
      "description" : "! SAP UI development toolkit for HTML5 (SAPUI5/OpenUI5) (c) Copyright 2009-2014 SAP AG or an SAP affiliate company.  Licensed under the Apache License, Version 2.0 - see LICENSE.txt.",
      "size" : 745,
      "compressedSize" : 599,
      "required" : ["sap/ui/core/Renderer.js", "jquery.sap.global.js"],
      "includes" : []
    },
    {
      "name" : "sap/m/VBox.js",
      "description" : "Provides control sap.m.VBox.",
      "size" : 3143,
      "compressedSize" : 374,
      "required" : ["sap/m/library.js", "sap/m/FlexBox.js", "jquery.sap.global.js"],
      "includes" : []
    },
    {
      "name" : "sap/m/VBoxRenderer.js",
      "description" : "! SAP UI development toolkit for HTML5 (SAPUI5/OpenUI5) (c) Copyright 2009-2014 SAP AG or an SAP affiliate company.  Licensed under the Apache License, Version 2.0 - see LICENSE.txt.",
      "size" : 829,
      "compressedSize" : 400,
      "required" : ["sap/m/FlexBoxRenderer.js", "jquery.sap.global.js"],
      "includes" : []
    },
    {
      "name" : "sap/m/ViewSettingsCustomItem.js",
      "description" : "Provides control sap.m.ViewSettingsCustomItem.",
      "size" : 6321,
      "compressedSize" : 915,
      "required" : ["sap/m/library.js", "sap/m/ViewSettingsItem.js", "jquery.sap.global.js"],
      "includes" : []
    },
    {
      "name" : "sap/m/ViewSettingsDialog.js",
      "description" : "Provides control sap.m.ViewSettingsDialog.",
      "size" : 81247,
      "compressedSize" : 25521,
      "required" : ["sap/m/library.js", "sap/ui/core/Control.js", "sap/ui/core/IconPool.js", "jquery.sap.global.js"],
      "includes" : []
    },
    {
      "name" : "sap/m/ViewSettingsFilterItem.js",
      "description" : "Provides control sap.m.ViewSettingsFilterItem.",
      "size" : 6972,
      "compressedSize" : 596,
      "required" : ["sap/m/library.js", "sap/m/ViewSettingsItem.js", "jquery.sap.global.js"],
      "includes" : []
    },
    {
      "name" : "sap/m/ViewSettingsItem.js",
      "description" : "Provides control sap.m.ViewSettingsItem.",
      "size" : 3989,
      "compressedSize" : 481,
      "required" : ["sap/m/library.js", "sap/ui/core/Item.js", "jquery.sap.global.js"],
      "includes" : []
    },
    {
      "name" : "sap/m/ios7.js",
      "description" : "declare unusual global vars for JSLint/SAPUI5 validation",
      "size" : 6354,
      "compressedSize" : 3291,
      "required" : ["jquery.sap.global.js"],
      "includes" : ["sap/m/_Ios7.js"]
    },
    {
      "name" : "sap/m/library.js",
      "description" : "Initialization Code and shared classes of library sap.m (1.20.5)",
      "size" : 68817,
      "compressedSize" : 12538,
      "required" : ["sap/ui/core/Core.js", "sap/ui/core/library.js", "jquery.sap.mobile.js", "sap/m/Support.js", "sap/ui/Device.js", "sap/m/ios7.js", "jquery.sap.global.js"],
      "includes" : ["sap/m/BackgroundDesign.js", "sap/m/ButtonType.js", "sap/m/DateTimeInputType.js", "sap/m/DialogType.js", "sap/m/FacetFilterType.js", "sap/m/FlexAlignItems.js", "sap/m/FlexAlignSelf.js", "sap/m/FlexDirection.js", "sap/m/FlexJustifyContent.js", "sap/m/FlexRendertype.js", "sap/m/HeaderLevel.js", "sap/m/IconTabFilterDesign.js", "sap/m/InputType.js", "sap/m/LabelDesign.js", "sap/m/ListHeaderDesign.js", "sap/m/ListMode.js", "sap/m/ListSeparators.js", "sap/m/ListType.js", "sap/m/PageBackgroundDesign.js", "sap/m/PlacementType.js", "sap/m/PopinDisplay.js", "sap/m/RatingIndicatorVisualMode.js", "sap/m/ScreenSize.js", "sap/m/SelectType.js", "sap/m/SplitAppMode.js", "sap/m/StandardTileType.js", "sap/m/SwipeDirection.js", "sap/m/SwitchType.js", "sap/m/ToolbarDesign.js"]
    },
    {
      "name" : "sap/m/library.properties",
      "size" : 5163,
      "required" : [],
      "includes" : []
    },
    {
      "name" : "sap/m/messagebundle.properties",
      "size" : 6837,
      "required" : [],
      "includes" : []
    },
    {
      "name" : "sap/m/messagebundle_ar.properties",
      "size" : 9166,
      "required" : [],
      "includes" : []
    },
    {
      "name" : "sap/m/messagebundle_bg.properties",
      "size" : 9497,
      "required" : [],
      "includes" : []
    },
    {
      "name" : "sap/m/messagebundle_ca.properties",
      "size" : 6945,
      "required" : [],
      "includes" : []
    },
    {
      "name" : "sap/m/messagebundle_cs.properties",
      "size" : 7130,
      "required" : [],
      "includes" : []
    },
    {
      "name" : "sap/m/messagebundle_da.properties",
      "size" : 6801,
      "required" : [],
      "includes" : []
    },
    {
      "name" : "sap/m/messagebundle_de.properties",
      "size" : 6890,
      "required" : [],
      "includes" : []
    },
    {
      "name" : "sap/m/messagebundle_el.properties",
      "size" : 9604,
      "required" : [],
      "includes" : []
    },
    {
      "name" : "sap/m/messagebundle_en.properties",
      "size" : 6716,
      "required" : [],
      "includes" : []
    },
    {
      "name" : "sap/m/messagebundle_es.properties",
      "size" : 6866,
      "required" : [],
      "includes" : []
    },
    {
      "name" : "sap/m/messagebundle_et.properties",
      "size" : 6865,
      "required" : [],
      "includes" : []
    },
    {
      "name" : "sap/m/messagebundle_fi.properties",
      "size" : 7014,
      "required" : [],
      "includes" : []
    },
    {
      "name" : "sap/m/messagebundle_fr.properties",
      "size" : 7002,
      "required" : [],
      "includes" : []
    },
    {
      "name" : "sap/m/messagebundle_hi.properties",
      "size" : 9517,
      "required" : [],
      "includes" : []
    },
    {
      "name" : "sap/m/messagebundle_hr.properties",
      "size" : 6898,
      "required" : [],
      "includes" : []
    },
    {
      "name" : "sap/m/messagebundle_hu.properties",
      "size" : 7323,
      "required" : [],
      "includes" : []
    },
    {
      "name" : "sap/m/messagebundle_it.properties",
      "size" : 6955,
      "required" : [],
      "includes" : []
    },
    {
      "name" : "sap/m/messagebundle_iw.properties",
      "size" : 8306,
      "required" : [],
      "includes" : []
    },
    {
      "name" : "sap/m/messagebundle_ja.properties",
      "size" : 7670,
      "required" : [],
      "includes" : []
    },
    {
      "name" : "sap/m/messagebundle_ko.properties",
      "size" : 7460,
      "required" : [],
      "includes" : []
    },
    {
      "name" : "sap/m/messagebundle_lt.properties",
      "size" : 7038,
      "required" : [],
      "includes" : []
    },
    {
      "name" : "sap/m/messagebundle_lv.properties",
      "size" : 7127,
      "required" : [],
      "includes" : []
    },
    {
      "name" : "sap/m/messagebundle_nl.properties",
      "size" : 6821,
      "required" : [],
      "includes" : []
    },
    {
      "name" : "sap/m/messagebundle_no.properties",
      "size" : 6790,
      "required" : [],
      "includes" : []
    },
    {
      "name" : "sap/m/messagebundle_pl.properties",
      "size" : 7043,
      "required" : [],
      "includes" : []
    },
    {
      "name" : "sap/m/messagebundle_pt.properties",
      "size" : 6904,
      "required" : [],
      "includes" : []
    },
    {
      "name" : "sap/m/messagebundle_ro.properties",
      "size" : 6996,
      "required" : [],
      "includes" : []
    },
    {
      "name" : "sap/m/messagebundle_ru.properties",
      "size" : 9687,
      "required" : [],
      "includes" : []
    },
    {
      "name" : "sap/m/messagebundle_sh.properties",
      "size" : 6878,
      "required" : [],
      "includes" : []
    },
    {
      "name" : "sap/m/messagebundle_sk.properties",
      "size" : 7217,
      "required" : [],
      "includes" : []
    },
    {
      "name" : "sap/m/messagebundle_sl.properties",
      "size" : 6892,
      "required" : [],
      "includes" : []
    },
    {
      "name" : "sap/m/messagebundle_sv.properties",
      "size" : 6838,
      "required" : [],
      "includes" : []
    },
    {
      "name" : "sap/m/messagebundle_th.properties",
      "size" : 9617,
      "required" : [],
      "includes" : []
    },
    {
      "name" : "sap/m/messagebundle_tr.properties",
      "size" : 7131,
      "required" : [],
      "includes" : []
    },
    {
      "name" : "sap/m/messagebundle_uk.properties",
      "size" : 9650,
      "required" : [],
      "includes" : []
    },
    {
      "name" : "sap/m/messagebundle_vi.properties",
      "size" : 7787,
      "required" : [],
      "includes" : []
    },
    {
      "name" : "sap/m/messagebundle_zh_CN.properties",
      "size" : 7311,
      "required" : [],
      "includes" : []
    },
    {
      "name" : "sap/m/messagebundle_zh_TW.properties",
      "size" : 7301,
      "required" : [],
      "includes" : []
    },
    {
      "name" : "sap/m/routing/RouteMatchedHandler.js",
      "description" : "! SAP UI development toolkit for HTML5 (SAPUI5/OpenUI5) (c) Copyright 2009-2014 SAP AG or an SAP affiliate company.  Licensed under the Apache License, Version 2.0 - see LICENSE.txt.",
      "size" : 11896,
      "compressedSize" : 3871,
      "required" : ["sap/ui/base/Object.js", "sap/ui/core/routing/Router.js", "sap/ui/core/routing/History.js", "sap/m/InstanceManager.js", "sap/m/SplitContainer.js", "sap/m/NavContainer.js", "jquery.sap.global.js"],
      "includes" : []
    }
  ]
}
